SET client_encoding = 'UTF8';
CREATE EXTENSION IF NOT EXISTS "pgcrypto";
CREATE EXTENSION IF NOT EXISTS "uuid-ossp";

CREATE TYPE invoice_status AS ENUM ('CREATED','UNDER_CONTROL','PAYMENT_PENDING','PARTIALLY_PAID','PAID','OVERDUE','DISPUTED','ARCHIVED','WRITTEN_OFF');
CREATE TYPE user_role AS ENUM ('owner','accountant','vendor_admin','readonly');
CREATE TYPE plan_type AS ENUM ('free','pro','business','enterprise');
CREATE TYPE pay_method AS ENUM ('bank_transfer','cash','check','online');

CREATE TABLE organizations (
  id UUID PRIMARY KEY DEFAULT gen_random_uuid(),
  name VARCHAR(255) NOT NULL,
  inn VARCHAR(12), kpp VARCHAR(9),
  plan plan_type NOT NULL DEFAULT 'free',
  invoice_limit INTEGER NOT NULL DEFAULT 10,
  is_active BOOLEAN NOT NULL DEFAULT true,
  created_at TIMESTAMPTZ NOT NULL DEFAULT NOW(),
  updated_at TIMESTAMPTZ NOT NULL DEFAULT NOW()
);

CREATE TABLE users (
  id UUID PRIMARY KEY DEFAULT gen_random_uuid(),
  email VARCHAR(255) UNIQUE,
  phone VARCHAR(20),
  password_hash TEXT,
  name VARCHAR(255),
  role user_role NOT NULL DEFAULT 'owner',
  org_id UUID REFERENCES organizations(id) ON DELETE SET NULL,
  trust_score INTEGER NOT NULL DEFAULT 50 CHECK (trust_score BETWEEN 0 AND 100),
  is_active BOOLEAN NOT NULL DEFAULT true,
  last_login_at TIMESTAMPTZ,
  created_at TIMESTAMPTZ NOT NULL DEFAULT NOW(),
  updated_at TIMESTAMPTZ NOT NULL DEFAULT NOW()
);

CREATE TABLE counterparties (
  id UUID PRIMARY KEY DEFAULT gen_random_uuid(),
  org_id UUID NOT NULL REFERENCES organizations(id) ON DELETE CASCADE,
  name VARCHAR(255) NOT NULL,
  inn VARCHAR(12), kpp VARCHAR(9),
  phone VARCHAR(20), email VARCHAR(255), address TEXT,
  type VARCHAR(50) DEFAULT 'vendor',
  trust_score INTEGER DEFAULT 50,
  is_active BOOLEAN NOT NULL DEFAULT true,
  created_at TIMESTAMPTZ NOT NULL DEFAULT NOW()
);

CREATE TABLE invoices (
  id UUID PRIMARY KEY DEFAULT gen_random_uuid(),
  org_id UUID NOT NULL REFERENCES organizations(id) ON DELETE CASCADE,
  counterparty_id UUID REFERENCES counterparties(id) ON DELETE SET NULL,
  number VARCHAR(100),
  amount_kopecks BIGINT NOT NULL CHECK (amount_kopecks > 0),
  paid_kopecks BIGINT NOT NULL DEFAULT 0 CHECK (paid_kopecks >= 0),
  status invoice_status NOT NULL DEFAULT 'CREATED',
  invoice_date DATE, due_date DATE, notes TEXT,
  fraud_score DECIMAL(4,3) DEFAULT 0.000,
  created_by UUID REFERENCES users(id) ON DELETE SET NULL,
  created_at TIMESTAMPTZ NOT NULL DEFAULT NOW(),
  updated_at TIMESTAMPTZ NOT NULL DEFAULT NOW(),
  version INTEGER NOT NULL DEFAULT 1,
  CONSTRAINT chk_paid CHECK (paid_kopecks <= amount_kopecks)
);

CREATE INDEX ON invoices(org_id);
CREATE INDEX ON invoices(status);
CREATE INDEX ON invoices(due_date);
CREATE INDEX ON invoices(org_id,status);

CREATE TABLE payments (
  id UUID PRIMARY KEY DEFAULT gen_random_uuid(),
  invoice_id UUID NOT NULL REFERENCES invoices(id) ON DELETE CASCADE,
  org_id UUID NOT NULL REFERENCES organizations(id) ON DELETE CASCADE,
  amount_kopecks BIGINT NOT NULL CHECK (amount_kopecks > 0),
  method pay_method NOT NULL DEFAULT 'bank_transfer',
  reference VARCHAR(255),
  payment_date DATE NOT NULL DEFAULT CURRENT_DATE,
  fraud_score DECIMAL(4,3) DEFAULT 0.000,
  created_by UUID REFERENCES users(id) ON DELETE SET NULL,
  created_at TIMESTAMPTZ NOT NULL DEFAULT NOW()
);

CREATE INDEX ON payments(invoice_id);
CREATE INDEX ON payments(org_id);

CREATE TABLE audit_logs (
  id BIGSERIAL PRIMARY KEY,
  timestamp TIMESTAMPTZ NOT NULL DEFAULT NOW(),
  user_id UUID REFERENCES users(id) ON DELETE SET NULL,
  org_id UUID REFERENCES organizations(id) ON DELETE SET NULL,
  action VARCHAR(100) NOT NULL,
  resource VARCHAR(50),
  resource_id UUID,
  before_state JSONB,
  after_state JSONB,
  status VARCHAR(20) DEFAULT 'success',
  duration_ms INTEGER
);

CREATE INDEX ON audit_logs(timestamp DESC);
CREATE INDEX ON audit_logs(org_id);
CREATE INDEX ON audit_logs(action);

-- Seed
INSERT INTO organizations VALUES ('00000000-0000-0000-0000-000000000001','ООО СтройМонтаж','1234567890','123456789','free',10,true,NOW(),NOW());

INSERT INTO users (id,email,password_hash,name,role,org_id,trust_score) VALUES
  ('00000000-0000-0000-0000-000000000002','demo@schyot-kontrol.ru',crypt('demo1234',gen_salt('bf')),'Иванов Иван Иванович','owner','00000000-0000-0000-0000-000000000001',85);

INSERT INTO counterparties (id,org_id,name,inn,type) VALUES
  ('00000000-0000-0000-0000-000000000010','00000000-0000-0000-0000-000000000001','ООО ТехноСнаб','7701234567','vendor'),
  ('00000000-0000-0000-0000-000000000011','00000000-0000-0000-0000-000000000001','ООО Поставщик-1','7709876543','vendor'),
  ('00000000-0000-0000-0000-000000000012','00000000-0000-0000-0000-000000000001','ИП Иванов И.И.','770555001','contractor'),
  ('00000000-0000-0000-0000-000000000013','00000000-0000-0000-0000-000000000001','АО СтройМаркет','7712345678','vendor'),
  ('00000000-0000-0000-0000-000000000014','00000000-0000-0000-0000-000000000001','ООО Энерго','7798765432','vendor');

INSERT INTO invoices (id,org_id,counterparty_id,number,amount_kopecks,paid_kopecks,status,due_date,created_by) VALUES
  ('10000000-0000-0000-0000-000000000001','00000000-0000-0000-0000-000000000001','00000000-0000-0000-0000-000000000010','122',10000000,5000000,'PARTIALLY_PAID','2026-06-09','00000000-0000-0000-0000-000000000002'),
  ('10000000-0000-0000-0000-000000000002','00000000-0000-0000-0000-000000000001','00000000-0000-0000-0000-000000000011','123',12000000,0,'OVERDUE','2026-05-10','00000000-0000-0000-0000-000000000002'),
  ('10000000-0000-0000-0000-000000000003','00000000-0000-0000-0000-000000000001','00000000-0000-0000-0000-000000000012','121',6000000,6000000,'PAID','2026-05-30','00000000-0000-0000-0000-000000000002'),
  ('10000000-0000-0000-0000-000000000004','00000000-0000-0000-0000-000000000001','00000000-0000-0000-0000-000000000013','120',5000000,5000000,'PAID','2026-05-15','00000000-0000-0000-0000-000000000002'),
  ('10000000-0000-0000-0000-000000000005','00000000-0000-0000-0000-000000000001','00000000-0000-0000-0000-000000000014','119',10000000,10000000,'PAID','2026-04-30','00000000-0000-0000-0000-000000000002'),
  ('10000000-0000-0000-0000-000000000006','00000000-0000-0000-0000-000000000001','00000000-0000-0000-0000-000000000010','124',8000000,0,'UNDER_CONTROL','2026-07-01','00000000-0000-0000-0000-000000000002'),
  ('10000000-0000-0000-0000-000000000007','00000000-0000-0000-0000-000000000001','00000000-0000-0000-0000-000000000011','125',15000000,0,'CREATED','2026-07-15','00000000-0000-0000-0000-000000000002');

INSERT INTO payments (invoice_id,org_id,amount_kopecks,method,reference,payment_date,created_by) VALUES
  ('10000000-0000-0000-0000-000000000001','00000000-0000-0000-0000-000000000001',5000000,'bank_transfer','ПП-45','2026-05-15','00000000-0000-0000-0000-000000000002'),
  ('10000000-0000-0000-0000-000000000003','00000000-0000-0000-0000-000000000001',6000000,'bank_transfer','ПП-41','2026-05-28','00000000-0000-0000-0000-000000000002'),
  ('10000000-0000-0000-0000-000000000004','00000000-0000-0000-0000-000000000001',5000000,'bank_transfer','ПП-38','2026-05-14','00000000-0000-0000-0000-000000000002'),
  ('10000000-0000-0000-0000-000000000005','00000000-0000-0000-0000-000000000001',10000000,'bank_transfer','ПП-33','2026-04-29','00000000-0000-0000-0000-000000000002');
